{"/root/World/player":{"coins":1, "vitality":24.001186, "pos":{"x":654.135986, "y":1439.92981}}}
